{
    "selfBot": {
        "1644163466020": [
            {
                "id": "850838857971793920",
                "avatarHash": null,
                "usertag": "Amandaaa#5605",
                "accountCreated": 1622926191562,
                "joinedServer": 1644163464721
            }
        ],
        "1644337557754": [
            {
                "id": "849830175251103785",
                "avatarHash": null,
                "usertag": "Bruninhaaa#0403",
                "accountCreated": 1622685702861,
                "joinedServer": 1644337555994
            }
        ],
        "1644407824616": [
            {
                "id": "850073567618138172",
                "avatarHash": null,
                "usertag": "Safiraaa#4350",
                "accountCreated": 1622743732123,
                "joinedServer": 1644407822649
            }
        ],
        "1644451598549": [
            {
                "id": "850052056848138271",
                "avatarHash": null,
                "usertag": "Larinhaaa#6861",
                "accountCreated": 1622738603556,
                "joinedServer": 1644451596543
            }
        ],
        "1644535066545": [
            {
                "id": "850839706576617542",
                "avatarHash": null,
                "usertag": "Amandinhaaa#7319",
                "accountCreated": 1622926393885,
                "joinedServer": 1644535065388
            }
        ]
    }
}