{
    "324730195863011328": {
        "_id": {
            "low": -2076049408,
            "high": 75607140,
            "unsigned": false
        },
        "last_poem": 1627789189.926
    },
    "666531071445172225": {
        "_id": {
            "low": 1631584257,
            "high": 155188858,
            "unsigned": false
        },
        "last_poem": 1627783196.172384
    },
    "271928315562950657": {
        "_id": {
            "low": -1115684863,
            "high": 63313244,
            "unsigned": false
        },
        "last_poem": 1644838649.246339
    },
    "718619911114719282": {
        "_id": {
            "low": 1921253426,
            "high": 167316736,
            "unsigned": false
        },
        "last_poem": 1598029374.811
    },
    "716116019189645403": {
        "_id": {
            "low": -1379663781,
            "high": 166733753,
            "unsigned": false
        },
        "last_poem": 1601173605.43
    },
    "246739581993615362": {
        "_id": {
            "low": -1329463294,
            "high": 57448535,
            "unsigned": false
        },
        "last_poem": 1640379500.111785
    },
    "739267282022170636": {
        "_id": {
            "low": 452984844,
            "high": 172124077,
            "unsigned": false
        },
        "last_poem": 1646261257.849593
    },
    "727645895382007969": {
        "_id": {
            "low": 746848417,
            "high": 169418262,
            "unsigned": false
        },
        "last_poem": 1598374219.493
    },
    "279434172328574986": {
        "_id": {
            "low": 868220938,
            "high": 65060838,
            "unsigned": false
        },
        "last_poem": 1623026675.392
    },
    "397966470019285002": {
        "_id": {
            "low": 1577320458,
            "high": 92658789,
            "unsigned": false
        },
        "last_poem": 1602143100.194
    },
    "423914396943777802": {
        "_id": {
            "low": -452853750,
            "high": 98700261,
            "unsigned": false
        },
        "last_poem": 1602511329.332
    },
    "620114693796659202": {
        "_id": {
            "low": 1270874114,
            "high": 144381703,
            "unsigned": false
        },
        "last_poem": 1605442015.08
    },
    "688379335891091475": {
        "_id": {
            "low": -629014509,
            "high": 160275803,
            "unsigned": false
        },
        "last_poem": 1619670074.819
    },
    "353980953347227650": {
        "_id": {
            "low": 897843202,
            "high": 82417613,
            "unsigned": false
        },
        "last_poem": 1630683726.245842
    },
    "603089621286649866": {
        "_id": {
            "low": -1266417654,
            "high": 140417744,
            "unsigned": false
        },
        "last_poem": 1609225897.925
    },
    "378721380407050254": {
        "_id": {
            "low": -1006501874,
            "high": 88177942,
            "unsigned": false
        },
        "last_poem": 1602377031.781
    },
    "447164739341123584": {
        "_id": {
            "low": 344064000,
            "high": 104113654,
            "unsigned": false
        },
        "last_poem": 1620456291.607
    },
    "549600535657840643": {
        "_id": {
            "low": 2017460227,
            "high": 127963846,
            "unsigned": false
        },
        "last_poem": 1603153501.862
    },
    "203328683182653441": {
        "_id": {
            "low": 767557633,
            "high": 47341148,
            "unsigned": false
        },
        "last_poem": 1603355559.942
    },
    "365259743146803200": {
        "_id": {
            "low": 419692544,
            "high": 85043661,
            "unsigned": false
        },
        "last_poem": 1605499918.245
    },
    "468923303676084244": {
        "_id": {
            "low": -1635516396,
            "high": 109179714,
            "unsigned": false
        },
        "last_poem": 1645892522.631055
    },
    "762065616559276132": {
        "_id": {
            "low": 42860644,
            "high": 177432228,
            "unsigned": false
        },
        "last_poem": 1607760272.986
    },
    "537053449356050433": {
        "_id": {
            "low": 1245970433,
            "high": 125042500,
            "unsigned": false
        },
        "last_poem": 1611477173.289
    },
    "559091607199285260": {
        "_id": {
            "low": -1006370804,
            "high": 130173658,
            "unsigned": false
        },
        "last_poem": 1642542371.847751
    },
    "562749430223077398": {
        "_id": {
            "low": 234881046,
            "high": 131025312,
            "unsigned": false
        },
        "last_poem": 1641960617.477982
    },
    "572459344147513355": {
        "_id": {
            "low": -1874591733,
            "high": 133286077,
            "unsigned": false
        },
        "last_poem": 1646192233.706708
    },
    "733866581293138052": {
        "_id": {
            "low": 2055340164,
            "high": 170866628,
            "unsigned": false
        },
        "last_poem": 1629125254.921211
    },
    "199253839793094666": {
        "_id": {
            "low": -989855734,
            "high": 46392399,
            "unsigned": false
        },
        "last_poem": 1617858595.234
    },
    "715415574875865090": {
        "_id": {
            "low": -951975934,
            "high": 166570668,
            "unsigned": false
        },
        "last_poem": 1633322611.583858
    },
    "367070959359885313": {
        "_id": {
            "low": -1140719615,
            "high": 85465367,
            "unsigned": false
        },
        "last_poem": 1618331942.165
    },
    "283756357444829184": {
        "_id": {
            "low": 1480720384,
            "high": 66067175,
            "unsigned": false
        },
        "last_poem": 1618799627.468
    },
    "795555868740550656": {
        "_id": {
            "low": -79560704,
            "high": 185229784,
            "unsigned": false
        },
        "last_poem": 1621885308.374
    },
    "540965018208960538": {
        "_id": {
            "low": 1648492570,
            "high": 125953233,
            "unsigned": false
        },
        "last_poem": 1631720991.34623
    },
    "513467393977352213": {
        "_id": {
            "low": -708575211,
            "high": 119550943,
            "unsigned": false
        },
        "last_poem": 1646268545.511892
    },
    "724981504031326269": {
        "_id": {
            "low": 948174909,
            "high": 168797910,
            "unsigned": false
        },
        "last_poem": 1622781661.328
    },
    "700913760348536832": {
        "_id": {
            "low": -138280960,
            "high": 163194201,
            "unsigned": false
        },
        "last_poem": 1622619170.108
    },
    "735890382579171386": {
        "_id": {
            "low": 1866596410,
            "high": 171337831,
            "unsigned": false
        },
        "last_poem": 1629513675.825746
    },
    "820041754408779827": {
        "_id": {
            "low": -2138701773,
            "high": 190930849,
            "unsigned": false
        },
        "last_poem": 1630799026.22324
    },
    "604909024441532426": {
        "_id": {
            "low": -2092695542,
            "high": 140841357,
            "unsigned": false
        },
        "last_poem": 1642186980.198324
    },
    "811067306599514172": {
        "_id": {
            "low": 181141564,
            "high": 188841323,
            "unsigned": false
        },
        "last_poem": 1646149067.457738
    },
    "691814549896298539": {
        "_id": {
            "low": -251396053,
            "high": 161075626,
            "unsigned": false
        },
        "last_poem": 1635201613.514471
    },
    "828031364821418014": {
        "_id": {
            "low": -1559232482,
            "high": 192791075,
            "unsigned": false
        },
        "last_poem": 1631116483.932748
    },
    "677982478480441373": {
        "_id": {
            "low": -641466339,
            "high": 157855096,
            "unsigned": false
        },
        "last_poem": 1627850299.683714
    },
    "592888410335739904": {
        "_id": {
            "low": 830603264,
            "high": 138042590,
            "unsigned": false
        },
        "last_poem": 1640166143.561977
    },
    "579683421639409665": {
        "_id": {
            "low": 754974721,
            "high": 134968064,
            "unsigned": false
        },
        "last_poem": 1639523052.531173
    },
    "516299317028323371": {
        "_id": {
            "low": 1296039979,
            "high": 120210302,
            "unsigned": false
        },
        "last_poem": 1645929184.035933
    },
    "298049801226813440": {
        "_id": {
            "low": 260046848,
            "high": 69395127,
            "unsigned": false
        },
        "last_poem": 1646174281.386123
    },
    "746166810272858282": {
        "_id": {
            "low": -1249902422,
            "high": 173730498,
            "unsigned": false
        },
        "last_poem": 1637113272.251343
    },
    "241318984442445835": {
        "_id": {
            "low": 2034237451,
            "high": 56186454,
            "unsigned": false
        },
        "last_poem": 1628852684.350477
    },
    "827632904641052762": {
        "_id": {
            "low": -443678630,
            "high": 192698301,
            "unsigned": false
        },
        "last_poem": 1643996665.788126
    },
    "791484820932788245": {
        "_id": {
            "low": 1288699925,
            "high": 184281920,
            "unsigned": false
        },
        "last_poem": 1643917841.176591
    },
    "629838427629682689": {
        "_id": {
            "low": -2134769663,
            "high": 146645686,
            "unsigned": false
        },
        "last_poem": 1634746678.650288
    },
    "603601939971833856": {
        "_id": {
            "low": 834797568,
            "high": 140537028,
            "unsigned": false
        },
        "last_poem": 1632879074.83626
    },
    "303133396878753792": {
        "_id": {
            "low": -394002432,
            "high": 70578743,
            "unsigned": false
        },
        "last_poem": 1633037499.030986
    },
    "863880747106828299": {
        "_id": {
            "low": 1671036939,
            "high": 201137910,
            "unsigned": false
        },
        "last_poem": 1635095709.589086
    },
    "849848572542189589": {
        "_id": {
            "low": 658505749,
            "high": 197870790,
            "unsigned": false
        },
        "last_poem": 1638750784.598763
    },
    "586916191428280330": {
        "_id": {
            "low": -1627258870,
            "high": 136652074,
            "unsigned": false
        },
        "last_poem": 1643866280.789666
    },
    "890006433213595668": {
        "_id": {
            "low": -1283309548,
            "high": 207220770,
            "unsigned": false
        },
        "last_poem": 1644981316.983869
    },
    "709831610085933116": {
        "_id": {
            "low": -1450966980,
            "high": 165270550,
            "unsigned": false
        },
        "last_poem": 1643932000.313255
    },
    "726979274145529978": {
        "_id": {
            "low": 1384382586,
            "high": 169263052,
            "unsigned": false
        },
        "last_poem": 1635455757.456171
    },
    "897903387402702858": {
        "_id": {
            "low": -1597894646,
            "high": 209059423,
            "unsigned": false
        },
        "last_poem": 1645489697.857806
    },
    "754091038855004233": {
        "_id": {
            "low": -213778359,
            "high": 175575501,
            "unsigned": false
        },
        "last_poem": 1646184155.40879
    },
    "512353358451965954": {
        "_id": {
            "low": 973209602,
            "high": 119291562,
            "unsigned": false
        },
        "last_poem": 1642341341.077691
    },
    "555879082739499014": {
        "_id": {
            "low": -1597898746,
            "high": 129425684,
            "unsigned": false
        },
        "last_poem": 1639240234.169014
    },
    "888949336350810172": {
        "_id": {
            "low": 679632956,
            "high": 206974646,
            "unsigned": false
        },
        "last_poem": 1637315114.766904
    },
    "847614303925567497": {
        "_id": {
            "low": -200933367,
            "high": 197350583,
            "unsigned": false
        },
        "last_poem": 1637351551.426793
    },
    "814858612077494305": {
        "_id": {
            "low": 587989025,
            "high": 189724055,
            "unsigned": false
        },
        "last_poem": 1645310507.333465
    },
    "817804299202985996": {
        "_id": {
            "low": 1573388300,
            "high": 190409901,
            "unsigned": false
        },
        "last_poem": 1637195477.390628
    },
    "711023921293426751": {
        "_id": {
            "low": 1065353279,
            "high": 165548157,
            "unsigned": false
        },
        "last_poem": 1646274439.737353
    },
    "881223855102914620": {
        "_id": {
            "low": 1661104188,
            "high": 205175917,
            "unsigned": false
        },
        "last_poem": 1643393342.877883
    },
    "275291052376719362": {
        "_id": {
            "low": -356384766,
            "high": 64096192,
            "unsigned": false
        },
        "last_poem": 1638919115.990953
    },
    "842831686094159913": {
        "_id": {
            "low": -149553111,
            "high": 196237043,
            "unsigned": false
        },
        "last_poem": 1645070311.792912
    },
    "406575004696707088": {
        "_id": {
            "low": 159383568,
            "high": 94663120,
            "unsigned": false
        },
        "last_poem": 1645945529.936335
    },
    "864948019929939968": {
        "_id": {
            "low": 890896384,
            "high": 201386404,
            "unsigned": false
        },
        "last_poem": 1645966728.110279
    },
    "614657561500581910": {
        "_id": {
            "low": -1413480426,
            "high": 143111115,
            "unsigned": false
        },
        "last_poem": 1644574714.216588
    },
    "739853860302094437": {
        "_id": {
            "low": -2130575259,
            "high": 172260650,
            "unsigned": false
        },
        "last_poem": 1640083472.67137
    },
    "485919281133912065": {
        "_id": {
            "low": -41943039,
            "high": 113136898,
            "unsigned": false
        },
        "last_poem": 1646240780.337359
    },
    "527883829965225994": {
        "_id": {
            "low": -406847478,
            "high": 122907531,
            "unsigned": false
        },
        "last_poem": 1643005496.92847
    },
    "494185719498145792": {
        "_id": {
            "low": 667025408,
            "high": 115061579,
            "unsigned": false
        },
        "last_poem": 1644456015.532852
    },
    "484413529752076288": {
        "_id": {
            "low": -314310656,
            "high": 112786313,
            "unsigned": false
        },
        "last_poem": 1645982624.192184
    },
    "928655478093930570": {
        "_id": {
            "low": -1300078518,
            "high": 216219452,
            "unsigned": false
        },
        "last_poem": 1642599183.238177
    },
    "646818179389063180": {
        "_id": {
            "low": 146800652,
            "high": 150599093,
            "unsigned": false
        },
        "last_poem": 1645133354.683935
    },
    "896636371651919933": {
        "_id": {
            "low": -1996357571,
            "high": 208764423,
            "unsigned": false
        },
        "last_poem": 1643840452.817387
    },
    "758844210689867857": {
        "_id": {
            "low": 34078801,
            "high": 176682186,
            "unsigned": false
        },
        "last_poem": 1643667581.046702
    },
    "611395818406281227": {
        "_id": {
            "low": -314310645,
            "high": 142351681,
            "unsigned": false
        },
        "last_poem": 1646256451.402657
    },
    "924283216196677686": {
        "_id": {
            "low": 625094710,
            "high": 215201456,
            "unsigned": false
        },
        "last_poem": 1644216235.039241
    },
    "492773882189578240": {
        "_id": {
            "low": 713031680,
            "high": 114732860,
            "unsigned": false
        },
        "last_poem": 1645589420.347666
    },
    "712743091752140820": {
        "_id": {
            "low": -805306348,
            "high": 165948432,
            "unsigned": false
        },
        "last_poem": 1644632012.506454
    },
    "803969176157814784": {
        "_id": {
            "low": -1019215872,
            "high": 187188660,
            "unsigned": false
        },
        "last_poem": 1643900481.984405
    },
    "268493742435074048": {
        "_id": {
            "low": -566099968,
            "high": 62513570,
            "unsigned": false
        },
        "last_poem": 1643832830.714551
    },
    "761247697990451200": {
        "_id": {
            "low": -2133983232,
            "high": 177241791,
            "unsigned": false
        },
        "last_poem": 1644974871.354056
    },
    "718955944926511225": {
        "_id": {
            "low": 1786773625,
            "high": 167394975,
            "unsigned": false
        },
        "last_poem": 1644070133.133623
    },
    "774461245256499241": {
        "_id": {
            "low": 936509481,
            "high": 180318310,
            "unsigned": false
        },
        "last_poem": 1645848455.548538
    },
    "853829402114129951": {
        "_id": {
            "low": 1137442847,
            "high": 198797649,
            "unsigned": false
        },
        "last_poem": 1646242594.51057
    },
    "922221064489144410": {
        "_id": {
            "low": 155324506,
            "high": 214721324,
            "unsigned": false
        },
        "last_poem": 1645399898.867662
    },
    "885359153000873994": {
        "_id": {
            "low": 1967259658,
            "high": 206138741,
            "unsigned": false
        },
        "last_poem": 1645842121.417456
    },
    "942121605713248326": {
        "_id": {
            "low": -608026554,
            "high": 219354779,
            "unsigned": false
        },
        "last_poem": 1646272238.90562
    },
    "801253903907291136": {
        "_id": {
            "low": 759824384,
            "high": 186556462,
            "unsigned": false
        },
        "last_poem": 1646274824.673308
    },
    "420363244016893952": {
        "_id": {
            "low": -1404960768,
            "high": 97873444,
            "unsigned": false
        },
        "last_poem": 1646233342.928486
    },
    "723641011267698729": {
        "_id": {
            "low": 1837367337,
            "high": 168485802,
            "unsigned": false
        },
        "last_poem": 1646274092.622777
    },
    "538575155836878858": {
        "_id": {
            "low": 813826058,
            "high": 125396800,
            "unsigned": false
        },
        "last_poem": 1646192898.902453
    },
    "705528857444221039": {
        "_id": {
            "low": -20971409,
            "high": 164268737,
            "unsigned": false
        },
        "last_poem": 1646246610.331893
    }
}