{
    "209495617683062784": {
        "_id": {
            "low": -2113929216,
            "high": 48776999,
            "unsigned": false
        },
        "last_arte": 1624176430.993
    },
    "505545751523360788": {
        "_id": {
            "low": -1186856940,
            "high": 117706542,
            "unsigned": false
        },
        "last_arte": 1615269973.146
    },
    "522870183094648842": {
        "_id": {
            "low": 1191182346,
            "high": 121740201,
            "unsigned": false
        },
        "last_arte": 1615172712.902
    },
    "308470858551132160": {
        "_id": {
            "low": -1954545664,
            "high": 71821468,
            "unsigned": false
        },
        "last_arte": 1632703906.496938
    },
    "330751516669640706": {
        "_id": {
            "low": -2080112638,
            "high": 77009088,
            "unsigned": false
        },
        "last_arte": 1645036570.523696
    },
    "308398404575428608": {
        "_id": {
            "low": 168034304,
            "high": 71804599,
            "unsigned": false
        },
        "last_arte": 1646106619.764735
    },
    "252245239228530688": {
        "_id": {
            "low": 1753219072,
            "high": 58730421,
            "unsigned": false
        },
        "last_arte": 1645079251.40267
    },
    "386246420535181315": {
        "_id": {
            "low": -1279000573,
            "high": 89930002,
            "unsigned": false
        },
        "last_arte": 1575657821.578
    },
    "380871171320578076": {
        "_id": {
            "low": -138412004,
            "high": 88678479,
            "unsigned": false
        },
        "last_arte": 1646012633.118685
    },
    "316376154493681675": {
        "_id": {
            "low": -1342177269,
            "high": 73662063,
            "unsigned": false
        },
        "last_arte": 1630192618.056802
    },
    "566497334020800513": {
        "_id": {
            "low": -394002431,
            "high": 131897938,
            "unsigned": false
        },
        "last_arte": 1569181479.648
    },
    "618652392589885440": {
        "_id": {
            "low": -1010565120,
            "high": 144041234,
            "unsigned": false
        },
        "last_arte": 1569817528.636
    },
    "470368951227121693": {
        "_id": {
            "low": -1421606883,
            "high": 109516305,
            "unsigned": false
        },
        "last_arte": 1614942195.802
    },
    "391091437619380224": {
        "_id": {
            "low": 637534208,
            "high": 91058071,
            "unsigned": false
        },
        "last_arte": 1645937299.187179
    },
    "627673446582583297": {
        "_id": {
            "low": -1837105151,
            "high": 146141612,
            "unsigned": false
        },
        "last_arte": 1572460960.574
    },
    "325046424104599552": {
        "_id": {
            "low": 608436224,
            "high": 75680768,
            "unsigned": false
        },
        "last_arte": 1614996030.098
    },
    "395788938406526976": {
        "_id": {
            "low": 1203765248,
            "high": 92151793,
            "unsigned": false
        },
        "last_arte": 1642543633.980851
    },
    "627971442071306240": {
        "_id": {
            "low": 230686720,
            "high": 146210995,
            "unsigned": false
        },
        "last_arte": 1575477783.547
    },
    "263802799958130689": {
        "_id": {
            "low": -1237188607,
            "high": 61421375,
            "unsigned": false
        },
        "last_arte": 1575876603.25
    },
    "559091607199285260": {
        "_id": {
            "low": -1006370804,
            "high": 130173658,
            "unsigned": false
        },
        "last_arte": 1642503272.961367
    },
    "314540119900160002": {
        "_id": {
            "low": -1841168382,
            "high": 73234578,
            "unsigned": false
        },
        "last_arte": 1588196787.273
    },
    "226519060106444800": {
        "_id": {
            "low": -1870659584,
            "high": 52740578,
            "unsigned": false
        },
        "last_arte": 1631065562.918232
    },
    "470101080059936789": {
        "_id": {
            "low": 226492437,
            "high": 109453937,
            "unsigned": false
        },
        "last_arte": 1632729348.178461
    },
    "517103308163252275": {
        "_id": {
            "low": 322961459,
            "high": 120397496,
            "unsigned": false
        },
        "last_arte": 1629702975.934796
    },
    "567722933942747157": {
        "_id": {
            "low": 545259541,
            "high": 132183296,
            "unsigned": false
        },
        "last_arte": 1645587712.671199
    },
    "555548587761860638": {
        "_id": {
            "low": 1157890078,
            "high": 129348735,
            "unsigned": false
        },
        "last_arte": 1631387344.896377
    },
    "641355817429237771": {
        "_id": {
            "low": -931135477,
            "high": 149327287,
            "unsigned": false
        },
        "last_arte": 1587065278.035
    },
    "388105826788704266": {
        "_id": {
            "low": 1962934282,
            "high": 90362929,
            "unsigned": false
        },
        "last_arte": 1640021595.300758
    },
    "643608091849392130": {
        "_id": {
            "low": 1228931074,
            "high": 149851686,
            "unsigned": false
        },
        "last_arte": 1612202097.636
    },
    "500053102037041152": {
        "_id": {
            "low": -1681915904,
            "high": 116427685,
            "unsigned": false
        },
        "last_arte": 1642183556.949696
    },
    "372523312599007266": {
        "_id": {
            "low": -1509687262,
            "high": 86734842,
            "unsigned": false
        },
        "last_arte": 1608316023.636
    },
    "680840488080769192": {
        "_id": {
            "low": 281149608,
            "high": 158520529,
            "unsigned": false
        },
        "last_arte": 1612044287.602
    },
    "698332544050921542": {
        "_id": {
            "low": -1220542394,
            "high": 162593215,
            "unsigned": false
        },
        "last_arte": 1598130547.995
    },
    "660944953819660330": {
        "_id": {
            "low": 75628586,
            "high": 153888239,
            "unsigned": false
        },
        "last_arte": 1646109746.283779
    },
    "480849417587392518": {
        "_id": {
            "low": 1707081734,
            "high": 111956479,
            "unsigned": false
        },
        "last_arte": 1639947784.395357
    },
    "438500896209371136": {
        "_id": {
            "low": -398458880,
            "high": 102096445,
            "unsigned": false
        },
        "last_arte": 1626570664.893
    },
    "543418814780407819": {
        "_id": {
            "low": 1799356427,
            "high": 126524552,
            "unsigned": false
        },
        "last_arte": 1635355732.868428
    },
    "727645895382007969": {
        "_id": {
            "low": 746848417,
            "high": 169418262,
            "unsigned": false
        },
        "last_arte": 1602039670.098
    },
    "502547664731111427": {
        "_id": {
            "low": 1056964611,
            "high": 117008496,
            "unsigned": false
        },
        "last_arte": 1642551572.060367
    },
    "315220585154347009": {
        "_id": {
            "low": -1140588543,
            "high": 73393011,
            "unsigned": false
        },
        "last_arte": 1618517959.597
    },
    "297495219887144962": {
        "_id": {
            "low": -2017460222,
            "high": 69266003,
            "unsigned": false
        },
        "last_arte": 1604431623.187
    },
    "599284053002158080": {
        "_id": {
            "low": -893386752,
            "high": 139531691,
            "unsigned": false
        },
        "last_arte": 1597451939.442
    },
    "525493593763348490": {
        "_id": {
            "low": -1409155062,
            "high": 122351011,
            "unsigned": false
        },
        "last_arte": 1631573356.789706
    },
    "688379335891091475": {
        "_id": {
            "low": -629014509,
            "high": 160275803,
            "unsigned": false
        },
        "last_arte": 1619669338.807
    },
    "738986820867457075": {
        "_id": {
            "low": 662700083,
            "high": 172058777,
            "unsigned": false
        },
        "last_arte": 1606010591.771
    },
    "467102563276161025": {
        "_id": {
            "low": 1975517185,
            "high": 108755790,
            "unsigned": false
        },
        "last_arte": 1604193754.522
    },
    "629816592754147369": {
        "_id": {
            "low": -1396572119,
            "high": 146640602,
            "unsigned": false
        },
        "last_arte": 1626647620.716
    },
    "626960783112142858": {
        "_id": {
            "low": -1384120310,
            "high": 145975682,
            "unsigned": false
        },
        "last_arte": 1600953559.487
    },
    "596040451518234644": {
        "_id": {
            "low": -125698028,
            "high": 138776481,
            "unsigned": false
        },
        "last_arte": 1608086464.399
    },
    "650360990852186113": {
        "_id": {
            "low": 461635585,
            "high": 151423968,
            "unsigned": false
        },
        "last_arte": 1623641527.487
    },
    "635323766817292298": {
        "_id": {
            "low": -1904082934,
            "high": 147922841,
            "unsigned": false
        },
        "last_arte": 1602407993.985
    },
    "508317793297629184": {
        "_id": {
            "low": -24903680,
            "high": 118351958,
            "unsigned": false
        },
        "last_arte": 1646016618.369315
    },
    "562749430223077398": {
        "_id": {
            "low": 234881046,
            "high": 131025312,
            "unsigned": false
        },
        "last_arte": 1643914778.020349
    },
    "471086351144452106": {
        "_id": {
            "low": 1518338058,
            "high": 109683338,
            "unsigned": false
        },
        "last_arte": 1619395803.977
    },
    "347885157438586894": {
        "_id": {
            "low": 532807694,
            "high": 80998325,
            "unsigned": false
        },
        "last_arte": 1616986057.443
    },
    "747690817602453524": {
        "_id": {
            "low": 1359216660,
            "high": 174085334,
            "unsigned": false
        },
        "last_arte": 1612878391.87
    },
    "468923303676084244": {
        "_id": {
            "low": -1635516396,
            "high": 109179714,
            "unsigned": false
        },
        "last_arte": 1646190976.604819
    },
    "554461227003281418": {
        "_id": {
            "low": 1564606474,
            "high": 129095564,
            "unsigned": false
        },
        "last_arte": 1615573798.771
    },
    "640498945805516803": {
        "_id": {
            "low": -809500669,
            "high": 149127781,
            "unsigned": false
        },
        "last_arte": 1608881109.405
    },
    "433113836837535754": {
        "_id": {
            "low": 1744961546,
            "high": 100842173,
            "unsigned": false
        },
        "last_arte": 1622427710.252
    },
    "427188740796973057": {
        "_id": {
            "low": 2067791873,
            "high": 99462629,
            "unsigned": false
        },
        "last_arte": 1611005027.111
    },
    "634605116334407680": {
        "_id": {
            "low": -1279131648,
            "high": 147755517,
            "unsigned": false
        },
        "last_arte": 1615581555.705
    },
    "241318984442445835": {
        "_id": {
            "low": 2034237451,
            "high": 56186454,
            "unsigned": false
        },
        "last_arte": 1629375314.943569
    },
    "551075465448652800": {
        "_id": {
            "low": 1384120320,
            "high": 128307255,
            "unsigned": false
        },
        "last_arte": 1633561792.837146
    },
    "619305456959094825": {
        "_id": {
            "low": 696385577,
            "high": 144193288,
            "unsigned": false
        },
        "last_arte": 1645838036.22406
    },
    "662408248997183509": {
        "_id": {
            "low": -104595435,
            "high": 154228938,
            "unsigned": false
        },
        "last_arte": 1623520871.526
    },
    "797409916624699403": {
        "_id": {
            "low": 617218059,
            "high": 185661464,
            "unsigned": false
        },
        "last_arte": 1616724616.824
    },
    "620233502822105098": {
        "_id": {
            "low": -1383989238,
            "high": 144409365,
            "unsigned": false
        },
        "last_arte": 1621395325.115
    },
    "709581475275866122": {
        "_id": {
            "low": -1660682230,
            "high": 165212311,
            "unsigned": false
        },
        "last_arte": 1615933490.038
    },
    "623596128541343790": {
        "_id": {
            "low": -50069458,
            "high": 145192287,
            "unsigned": false
        },
        "last_arte": 1618038033.122
    },
    "639363115359797270": {
        "_id": {
            "low": -1383989226,
            "high": 148863325,
            "unsigned": false
        },
        "last_arte": 1630779584.106435
    },
    "715415574875865090": {
        "_id": {
            "low": -951975934,
            "high": 166570668,
            "unsigned": false
        },
        "last_arte": 1620609223.882
    },
    "283756357444829184": {
        "_id": {
            "low": 1480720384,
            "high": 66067175,
            "unsigned": false
        },
        "last_arte": 1619360599.449
    },
    "412301176046878721": {
        "_id": {
            "low": 851443713,
            "high": 95996348,
            "unsigned": false
        },
        "last_arte": 1645882908.034614
    },
    "472539942304743438": {
        "_id": {
            "low": -347996146,
            "high": 110021778,
            "unsigned": false
        },
        "last_arte": 1624866531.251
    },
    "835882676643692605": {
        "_id": {
            "low": -1623195587,
            "high": 194619101,
            "unsigned": false
        },
        "last_arte": 1639534814.06754
    },
    "600821472411385888": {
        "_id": {
            "low": 612499488,
            "high": 139889650,
            "unsigned": false
        },
        "last_arte": 1623110618.56
    },
    "788715836000305182": {
        "_id": {
            "low": -1048182754,
            "high": 183637215,
            "unsigned": false
        },
        "last_arte": 1619750260.659
    },
    "795555868740550656": {
        "_id": {
            "low": -79560704,
            "high": 185229784,
            "unsigned": false
        },
        "last_arte": 1623278185.503
    },
    "475527265980252185": {
        "_id": {
            "low": 1774452761,
            "high": 110717319,
            "unsigned": false
        },
        "last_arte": 1629253023.767268
    },
    "521125417034186772": {
        "_id": {
            "low": 1170210836,
            "high": 121333966,
            "unsigned": false
        },
        "last_arte": 1642498541.48135
    },
    "527431391034605568": {
        "_id": {
            "low": 1107427328,
            "high": 122802190,
            "unsigned": false
        },
        "last_arte": 1645050605.482527
    },
    "205447423504547840": {
        "_id": {
            "low": -637403136,
            "high": 47834455,
            "unsigned": false
        },
        "last_arte": 1625523880.887
    },
    "436314456146968576": {
        "_id": {
            "low": -1459486720,
            "high": 101587375,
            "unsigned": false
        },
        "last_arte": 1620872337.267
    },
    "803969176157814784": {
        "_id": {
            "low": -1019215872,
            "high": 187188660,
            "unsigned": false
        },
        "last_arte": 1643737882.434923
    },
    "478961208683397130": {
        "_id": {
            "low": -2134638582,
            "high": 111516846,
            "unsigned": false
        },
        "last_arte": 1639358455.85976
    },
    "776226810790543411": {
        "_id": {
            "low": -95551437,
            "high": 180729387,
            "unsigned": false
        },
        "last_arte": 1641567698.808772
    },
    "805470321805099020": {
        "_id": {
            "low": 2018508812,
            "high": 187538173,
            "unsigned": false
        },
        "last_arte": 1622599507.176
    },
    "224587768322457601": {
        "_id": {
            "low": -1480458239,
            "high": 52290914,
            "unsigned": false
        },
        "last_arte": 1634435557.174288
    },
    "575085750543187979": {
        "_id": {
            "low": 1954807819,
            "high": 133897585,
            "unsigned": false
        },
        "last_arte": 1622187786.155
    },
    "626154545441144873": {
        "_id": {
            "low": -679215063,
            "high": 145787965,
            "unsigned": false
        },
        "last_arte": 1622253720.444
    },
    "754570716900360222": {
        "_id": {
            "low": -1295908834,
            "high": 175687185,
            "unsigned": false
        },
        "last_arte": 1641415628.131101
    },
    "691781806021935155": {
        "_id": {
            "low": 704905267,
            "high": 161068003,
            "unsigned": false
        },
        "last_arte": 1627770297.374
    },
    "475057740398723072": {
        "_id": {
            "low": 2017722368,
            "high": 110607999,
            "unsigned": false
        },
        "last_arte": 1622426394.121
    },
    "457740268700172288": {
        "_id": {
            "low": 1665400832,
            "high": 106575961,
            "unsigned": false
        },
        "last_arte": 1622680857.359
    },
    "605434483587678219": {
        "_id": {
            "low": -2130444277,
            "high": 140963700,
            "unsigned": false
        },
        "last_arte": 1644941886.03573
    },
    "203328683182653441": {
        "_id": {
            "low": 767557633,
            "high": 47341148,
            "unsigned": false
        },
        "last_arte": 1623098983.77
    },
    "692795376054566935": {
        "_id": {
            "low": 1405354007,
            "high": 161303993,
            "unsigned": false
        },
        "last_arte": 1623423953.681
    },
    "429106100407631874": {
        "_id": {
            "low": -1916796926,
            "high": 99909049,
            "unsigned": false
        },
        "last_arte": 1623312327.21
    },
    "564498430295277579": {
        "_id": {
            "low": -570163189,
            "high": 131432532,
            "unsigned": false
        },
        "last_arte": 1627926950.028181
    },
    "709831610085933116": {
        "_id": {
            "low": -1450966980,
            "high": 165270550,
            "unsigned": false
        },
        "last_arte": 1644719291.753785
    },
    "764313256235368459": {
        "_id": {
            "low": 1728577547,
            "high": 177955547,
            "unsigned": false
        },
        "last_arte": 1627951739.016508
    },
    "854036852029653062": {
        "_id": {
            "low": -162398138,
            "high": 198845949,
            "unsigned": false
        },
        "last_arte": 1643374632.160757
    },
    "730101939223658578": {
        "_id": {
            "low": 1900019794,
            "high": 169990104,
            "unsigned": false
        },
        "last_arte": 1628816535.216396
    },
    "626533705418014731": {
        "_id": {
            "low": -415236085,
            "high": 145876245,
            "unsigned": false
        },
        "last_arte": 1625157044.157
    },
    "809920921435111475": {
        "_id": {
            "low": 1917583411,
            "high": 188574409,
            "unsigned": false
        },
        "last_arte": 1625163601.795
    },
    "833081968937009232": {
        "_id": {
            "low": 189136976,
            "high": 193967011,
            "unsigned": false
        },
        "last_arte": 1630552035.231065
    },
    "677982478480441373": {
        "_id": {
            "low": -641466339,
            "high": 157855096,
            "unsigned": false
        },
        "last_arte": 1645730661.192503
    },
    "776266351643459584": {
        "_id": {
            "low": 1288437760,
            "high": 180738594,
            "unsigned": false
        },
        "last_arte": 1645975917.130164
    },
    "777624306498797578": {
        "_id": {
            "low": -846069750,
            "high": 181054767,
            "unsigned": false
        },
        "last_arte": 1629505261.010085
    },
    "621034543943647252": {
        "_id": {
            "low": -1727922156,
            "high": 144595872,
            "unsigned": false
        },
        "last_arte": 1640457854.766678
    },
    "233744977258217473": {
        "_id": {
            "low": -2122186751,
            "high": 54422993,
            "unsigned": false
        },
        "last_arte": 1646180058.39974
    },
    "867891856188506144": {
        "_id": {
            "low": 2140274720,
            "high": 202071819,
            "unsigned": false
        },
        "last_arte": 1627856759.52415
    },
    "768244552393162782": {
        "_id": {
            "low": -1643773922,
            "high": 178870873,
            "unsigned": false
        },
        "last_arte": 1644640402.972596
    },
    "793309921705590785": {
        "_id": {
            "low": -1341259775,
            "high": 184706859,
            "unsigned": false
        },
        "last_arte": 1640315346.049512
    },
    "610356409871237130": {
        "_id": {
            "low": -993918966,
            "high": 142109675,
            "unsigned": false
        },
        "last_arte": 1631601762.108447
    },
    "428909720548671498": {
        "_id": {
            "low": 1308885002,
            "high": 99863326,
            "unsigned": false
        },
        "last_arte": 1637709418.216723
    },
    "876521190020247643": {
        "_id": {
            "low": -649957285,
            "high": 204080992,
            "unsigned": false
        },
        "last_arte": 1631472593.654727
    },
    "704208810692313121": {
        "_id": {
            "low": -1459355615,
            "high": 163961390,
            "unsigned": false
        },
        "last_arte": 1644968234.439115
    },
    "720829699944874075": {
        "_id": {
            "low": 12845147,
            "high": 167831243,
            "unsigned": false
        },
        "last_arte": 1643470018.918023
    },
    "313796462674837508": {
        "_id": {
            "low": 1635909636,
            "high": 73061432,
            "unsigned": false
        },
        "last_arte": 1646068623.082752
    },
    "690334240013156472": {
        "_id": {
            "low": 1883635832,
            "high": 160730965,
            "unsigned": false
        },
        "last_arte": 1640303732.840738
    },
    "705120107785093270": {
        "_id": {
            "low": -1937506154,
            "high": 164173568,
            "unsigned": false
        },
        "last_arte": 1646264879.739475
    },
    "849355425052622928": {
        "_id": {
            "low": 1313865808,
            "high": 197755970,
            "unsigned": false
        },
        "last_arte": 1641317331.881011
    },
    "591375171835658263": {
        "_id": {
            "low": -432013289,
            "high": 137690261,
            "unsigned": false
        },
        "last_arte": 1643595350.923335
    },
    "896769257650655312": {
        "_id": {
            "low": 2009206864,
            "high": 208795363,
            "unsigned": false
        },
        "last_arte": 1645311994.263784
    },
    "630084624328163348": {
        "_id": {
            "low": -1551630316,
            "high": 146703008,
            "unsigned": false
        },
        "last_arte": 1646226174.605573
    },
    "607034138691633153": {
        "_id": {
            "low": 994050049,
            "high": 141336149,
            "unsigned": false
        },
        "last_arte": 1636313452.546982
    },
    "692871641620807812": {
        "_id": {
            "low": 1237319812,
            "high": 161321750,
            "unsigned": false
        },
        "last_arte": 1646054636.117208
    },
    "704105737886105651": {
        "_id": {
            "low": 654573619,
            "high": 163937392,
            "unsigned": false
        },
        "last_arte": 1635704228.97525
    },
    "433298613737881600": {
        "_id": {
            "low": 562298880,
            "high": 100885195,
            "unsigned": false
        },
        "last_arte": 1635440371.120119
    },
    "528010034114985995": {
        "_id": {
            "low": 423886859,
            "high": 122936916,
            "unsigned": false
        },
        "last_arte": 1635612862.397317
    },
    "725906473867149412": {
        "_id": {
            "low": -1962803100,
            "high": 169013271,
            "unsigned": false
        },
        "last_arte": 1636517621.260998
    },
    "825920402030067715": {
        "_id": {
            "low": -809500669,
            "high": 192299578,
            "unsigned": false
        },
        "last_arte": 1636308255.185488
    },
    "623667008977895425": {
        "_id": {
            "low": 541196289,
            "high": 145208791,
            "unsigned": false
        },
        "last_arte": 1644713949.957219
    },
    "761247697990451200": {
        "_id": {
            "low": -2133983232,
            "high": 177241791,
            "unsigned": false
        },
        "last_arte": 1636258690.568082
    },
    "860201858911043657": {
        "_id": {
            "low": 2072379465,
            "high": 200281352,
            "unsigned": false
        },
        "last_arte": 1636495730.508687
    },
    "552169300916437056": {
        "_id": {
            "low": -1124073408,
            "high": 128561933,
            "unsigned": false
        },
        "last_arte": 1645295286.856203
    },
    "859624376517132289": {
        "_id": {
            "low": -493748223,
            "high": 200146896,
            "unsigned": false
        },
        "last_arte": 1636589527.452644
    },
    "739117541028266044": {
        "_id": {
            "low": -801112004,
            "high": 172089212,
            "unsigned": false
        },
        "last_arte": 1637337007.454474
    },
    "905840366010384395": {
        "_id": {
            "low": 2000830475,
            "high": 210907395,
            "unsigned": false
        },
        "last_arte": 1642381911.098491
    },
    "852723185945542656": {
        "_id": {
            "low": 1040580608,
            "high": 198540088,
            "unsigned": false
        },
        "last_arte": 1642402475.156165
    },
    "630219006107713536": {
        "_id": {
            "low": -708837376,
            "high": 146734296,
            "unsigned": false
        },
        "last_arte": 1637250304.532889
    },
    "817804299202985996": {
        "_id": {
            "low": 1573388300,
            "high": 190409901,
            "unsigned": false
        },
        "last_arte": 1639101869.32788
    },
    "731528067624861697": {
        "_id": {
            "low": -704511999,
            "high": 170322150,
            "unsigned": false
        },
        "last_arte": 1646232122.806116
    },
    "535998511217639447": {
        "_id": {
            "low": 1564737559,
            "high": 124796878,
            "unsigned": false
        },
        "last_arte": 1637629925.252373
    },
    "791484820932788245": {
        "_id": {
            "low": 1288699925,
            "high": 184281920,
            "unsigned": false
        },
        "last_arte": 1643835917.495441
    },
    "694722044897525841": {
        "_id": {
            "low": -541065135,
            "high": 161752580,
            "unsigned": false
        },
        "last_arte": 1642738577.59686
    },
    "881223855102914620": {
        "_id": {
            "low": 1661104188,
            "high": 205175917,
            "unsigned": false
        },
        "last_arte": 1637861494.683244
    },
    "900252602304974861": {
        "_id": {
            "low": -662548467,
            "high": 209606392,
            "unsigned": false
        },
        "last_arte": 1645055760.8495
    },
    "758403010761588767": {
        "_id": {
            "low": 621281311,
            "high": 176579461,
            "unsigned": false
        },
        "last_arte": 1644012269.341788
    },
    "824388939585421342": {
        "_id": {
            "low": 1824522270,
            "high": 191943007,
            "unsigned": false
        },
        "last_arte": 1641519153.805824
    },
    "275291052376719362": {
        "_id": {
            "low": -356384766,
            "high": 64096192,
            "unsigned": false
        },
        "last_arte": 1640573783.503289
    },
    "387934767749791746": {
        "_id": {
            "low": -1413480446,
            "high": 90323101,
            "unsigned": false
        },
        "last_arte": 1639164770.864496
    },
    "604529720796774412": {
        "_id": {
            "low": 4325388,
            "high": 140753044,
            "unsigned": false
        },
        "last_arte": 1641513196.928088
    },
    "374334864134242344": {
        "_id": {
            "low": 1539571752,
            "high": 87156627,
            "unsigned": false
        },
        "last_arte": 1640138072.822249
    },
    "515229069973913601": {
        "_id": {
            "low": -37748735,
            "high": 119961115,
            "unsigned": false
        },
        "last_arte": 1643494687.51894
    },
    "666274455944691726": {
        "_id": {
            "low": 1837105166,
            "high": 155129110,
            "unsigned": false
        },
        "last_arte": 1639961557.536432
    },
    "883526203095519242": {
        "_id": {
            "low": -1925050358,
            "high": 205711974,
            "unsigned": false
        },
        "last_arte": 1641886171.50412
    },
    "897903387402702858": {
        "_id": {
            "low": -1597894646,
            "high": 209059423,
            "unsigned": false
        },
        "last_arte": 1643999745.746659
    },
    "871962689486860298": {
        "_id": {
            "low": 1010970634,
            "high": 203019634,
            "unsigned": false
        },
        "last_arte": 1639950497.285671
    },
    "669650154298802176": {
        "_id": {
            "low": 1925447680,
            "high": 155915076,
            "unsigned": false
        },
        "last_arte": 1642353483.901993
    },
    "758844210689867857": {
        "_id": {
            "low": 34078801,
            "high": 176682186,
            "unsigned": false
        },
        "last_arte": 1645183317.597387
    },
    "723616422877462528": {
        "_id": {
            "low": 2134900736,
            "high": 168480077,
            "unsigned": false
        },
        "last_arte": 1645732149.074252
    },
    "919708588199518240": {
        "_id": {
            "low": -1870520288,
            "high": 214136342,
            "unsigned": false
        },
        "last_arte": 1640238527.077179
    },
    "484413529752076288": {
        "_id": {
            "low": -314310656,
            "high": 112786313,
            "unsigned": false
        },
        "last_arte": 1643768946.601669
    },
    "422176234395533322": {
        "_id": {
            "low": 1673658378,
            "high": 98295564,
            "unsigned": false
        },
        "last_arte": 1640452864.351205
    },
    "395669111193206795": {
        "_id": {
            "low": -716963829,
            "high": 92123893,
            "unsigned": false
        },
        "last_arte": 1642449510.627097
    },
    "193835995144126465": {
        "_id": {
            "low": -2092957695,
            "high": 45130959,
            "unsigned": false
        },
        "last_arte": 1643772989.933184
    },
    "765960624890445855": {
        "_id": {
            "low": 1317535775,
            "high": 178339105,
            "unsigned": false
        },
        "last_arte": 1643168987.664786
    },
    "885359153000873994": {
        "_id": {
            "low": 1967259658,
            "high": 206138741,
            "unsigned": false
        },
        "last_arte": 1645914836.896782
    },
    "932784590156865616": {
        "_id": {
            "low": -2076041136,
            "high": 217180836,
            "unsigned": false
        },
        "last_arte": 1645832657.4641
    },
    "374972010939416577": {
        "_id": {
            "low": -1463681023,
            "high": 87304974,
            "unsigned": false
        },
        "last_arte": 1643522990.486476
    },
    "935990860779257856": {
        "_id": {
            "low": -1849524224,
            "high": 217927354,
            "unsigned": false
        },
        "last_arte": 1644520880.540821
    },
    "611395818406281227": {
        "_id": {
            "low": -314310645,
            "high": 142351681,
            "unsigned": false
        },
        "last_arte": 1645829267.104832
    },
    "937433689179172924": {
        "_id": {
            "low": 1006776380,
            "high": 218263289,
            "unsigned": false
        },
        "last_arte": 1644282266.391817
    },
    "733802523676377189": {
        "_id": {
            "low": -419168155,
            "high": 170851713,
            "unsigned": false
        },
        "last_arte": 1646158270.897763
    },
    "779420287706988565": {
        "_id": {
            "low": 1132593173,
            "high": 181472927,
            "unsigned": false
        },
        "last_arte": 1644427811.159245
    },
    "847955502104182844": {
        "_id": {
            "low": 1480720444,
            "high": 197430025,
            "unsigned": false
        },
        "last_arte": 1646258747.343206
    },
    "740631370950377482": {
        "_id": {
            "low": -821952502,
            "high": 172441678,
            "unsigned": false
        },
        "last_arte": 1645234942.266926
    },
    "723641011267698729": {
        "_id": {
            "low": 1837367337,
            "high": 168485802,
            "unsigned": false
        },
        "last_arte": 1645842272.869086
    },
    "784465842968592404": {
        "_id": {
            "low": 613548052,
            "high": 182647687,
            "unsigned": false
        },
        "last_arte": 1645368746.935059
    },
    "511280929155711028": {
        "_id": {
            "low": -759037900,
            "high": 119041867,
            "unsigned": false
        },
        "last_arte": 1645877693.895086
    },
    "520008459622547456": {
        "_id": {
            "low": 1543503872,
            "high": 121073904,
            "unsigned": false
        },
        "last_arte": 1646185728.027052
    },
    "856566945071890452": {
        "_id": {
            "low": 660209684,
            "high": 199435033,
            "unsigned": false
        },
        "last_arte": 1646274949.28603
    }
}