{
    "embeds": {
        "2": {
            "embeds": {
                "id": 2,
                "embed": {
                    "title": null,
                    "type": "rich",
                    "description": "🧮 **CHAT PINTEREST** 🧮\n\n> Chat reservado para fotos com intuito artístico, icons de perfil, wallpapers e memes.\n\n**O canal é trocado no inicio de todos os meses, se tiver uma sugestão para o proximo tema, deixe em** <#820300398610219048>\n\n__**As regras do servidor também se aplicam aqui, qualquer imagem inadequada será sujeito á punição.**__",
                    "url": null,
                    "timestamp": 0,
                    "color": 8718087,
                    "fields": [],
                    "thumbnail": null,
                    "image": {
                        "url": "https://media.discordapp.net/attachments/833348207790653461/915813588852178974/images_6.jpeg"
                    },
                    "author": null,
                    "footer": null
                },
                "embName": "Chat Pinterest",
                "embCreator": "Tay;",
                "last": true
            }
        },
        "4": {
            "embeds": {
                "id": 4,
                "embed": {
                    "title": null,
                    "type": "rich",
                    "description": "> **Metas para 2022.**\n\nCom este começo de ano começando, nós criamos o chat deste mês com o intuito de compartilharmos nossas metas deste ano. Fale o que você espera desse ano, quais são seus objetivos, compartilhe conosco!\n\n**Alerta, mensagem fofa:** ||Que esse ano novo seja muito bom para todos nós. Esperamos que vocês consigam concretizar todos os desejos de vocês. Feliz ano novo! 💗||",
                    "url": null,
                    "timestamp": 0,
                    "color": 2003199,
                    "fields": [],
                    "thumbnail": null,
                    "image": null,
                    "author": null,
                    "footer": null
                },
                "embName": "Chat metas 2022",
                "embCreator": "Tay;",
                "last": true
            }
        },
        "11": {
            "embeds": {
                "id": 11,
                "embed": {
                    "title": null,
                    "type": "rich",
                    "description": "Olá <@&730168657967186051> \n\nO desafio de hoje consistirá em uma condição bastante preocupante nos dias de hoje\n\n__**• O desafio do mês será: Os Vicios**__\n\n• O principal objetivo é estimular a criatividade de vocês. Vocês podem escrever sobre os vícios, como as drogas em si, podem também dizer sobre alguma pessoa ou algo que vocês tem um certo vício, ou até mesmo a internet... O mais importante é se divertir!\n\n- Não é permitido plágio\n- Quando terminar seu poema, marcar <@&823762941559701515> \n- Se tiver cunho sexual marque como spoiler.\n- As regras estão no fixado.\n\n• Aponte seu lápis, estale seus dedinhos e escreva, acima de tudo divirta-se.\n\n**Entregar até o dia 01/03**\n⠀⠀⠀⠀⠀",
                    "url": null,
                    "timestamp": 0,
                    "color": 26922,
                    "fields": [],
                    "thumbnail": null,
                    "image": {
                        "url": "https://media.discordapp.net/attachments/870925932322508831/907348458678140938/Screenshot_20211108-161845-877.png"
                    },
                    "author": {
                        "name": "DESAFIO DO LIMBO \n⠀⠀⠀⠀⠀"
                    },
                    "footer": null
                },
                "embName": "Desafio do Limbo",
                "embCreator": "malka.",
                "last": true
            }
        },
        "14": {
            "embeds": {
                "id": 14,
                "embed": {
                    "title": null,
                    "type": "rich",
                    "description": "**◈⟡▬▬▬▬▬▬▬ஜ៛꧁❖꧂៛ஜ▬▬▬▬▬▬▬⟡◈**\n\n*As trombetas finalmente soaram, lembrem se que qualquer coisa que acontece em Abaddon, permanece em Abaddon, portanto não saiam espalhando o caos fora daqui, ou poderão receber advertências.*\n\n\n> ***É importante lembrar que nenhum lugar é terra sem lei, inclusive Abaddon , aqui temos algumas regras.***\n\n\n» Proibido interagir com os que não estão em abaddon\n\n» O que acontece aqui, aqui permanece.\n\n» Se você está vagando por Abaddon, você está sujeito a zoar e ser zoado, dentro do limite.\n\n» Extremamente proibido Gore, Pornografia, Racismo e Apologia ao Nazismo e Suicídio -\n\n» Não façam daqui um Instagram, é permitido fotos mas tenham bom senso\n\n» Proibido divulgação inadequada e links maliciosos.\n\n» Nós abriremos o chat de voz eventualmente, as mesmas regras se aplicarão lá.\n\n*att: staff*\n\n**◈⟡▬▬▬▬▬▬▬ஜ៛꧁❖꧂៛ஜ▬▬▬▬▬▬▬⟡◈**",
                    "url": null,
                    "timestamp": 0,
                    "color": 8718087,
                    "fields": [],
                    "thumbnail": null,
                    "image": {
                        "url": "https://images-ext-2.discordapp.net/external/v2xfcr60X1EG2GQo8HLz0ixad-6yhs1HdxO_vndGh7M/https/media.discordapp.net/attachments/712903762250825739/880498475039617044/IMG_20210826_140322.jpg?width=730&height=473"
                    },
                    "author": null,
                    "footer": null
                },
                "embName": "Abaddon",
                "embCreator": "Darwin 月光",
                "last": true
            }
        },
        "22": {
            "embeds": {
                "id": 22,
                "embed": {
                    "title": "**REGRAS KARAOKE** 🎤",
                    "type": "rich",
                    "description": "- **Para entrar na <#612128236335267870> , marque o eligo responsável.**\n\n**Ex: @Nico#7890 quero entrar na lista.**\n\n- **Seja gentil no karaokê**. Você não precisa ser um avaliador musical. Só se divirta.\n\n- Usuários com cargo de (<@&612141794574204928>, <@&612141782616244244> e <@&612117855470747658> ), Não precisam entrar na lista, para poder cantar.\n\n- **Tenha cuidado com as transmissões de tela**. Só são permitidas transmissões de tela desde que façam parte da temática do karaokê.\n\n**Ex: beat, ou música de fundo para cantar por cima e afins.** \n\n- Caso não tenha nenhum eligo no karaokê, **use o comando /eligos para chamar os disponíveis.**\n\n- **Sempre que entrar no karaokê, verifique se você está mutado**. Se não estiver, se mute, para evitar que você atrapalhe até mesmo sem querer o andamento do karaokê.\n\n- **E recomendado que se mute na plataforma do discord**, pois caso aconteça de ter uma invasão no servidor, você poderá ser mutado acidentalmente.\n\n- **As listas são feitas de forma que o seu nome será colocado acima do que está cantando no momento, que foi pedido.**\n\n- **Respeite o eligo**, ele está lá para organizar e cuidar da lista. Caso você esteja atrapalhando o andamento da lista, você será mutado em todo o servidor.\n\n- Todas as <#612125693244997645>  também se aplicam aqui. Caso tenham problemas mais severos, **recorram as denúncias aos <@&612134639250964511>, e em caso de banimento abram um ticket em <#750827160985665606> **",
                    "url": null,
                    "timestamp": 0,
                    "color": 4734347,
                    "fields": [],
                    "thumbnail": {
                        "url": "https://cdn.discordapp.com/attachments/899508372032856095/932661612693831771/kamai.gif"
                    },
                    "image": {
                        "url": "https://media.discordapp.net/attachments/899508372032856095/932661579122614272/LINHA_RGB.gif"
                    },
                    "author": null,
                    "footer": null
                },
                "embName": "Regrâs karaokê",
                "embCreator": "𝐊𝐥𝐚𝐮𝐬",
                "last": true
            }
        },
        "25": {
            "embeds": {
                "id": 25,
                "embed": {
                    "title": "Embed bonitinho",
                    "type": "rich",
                    "description": "Eu sou um embed muito legal e gostozinho de mexer",
                    "url": null,
                    "timestamp": 0,
                    "color": 2003199,
                    "fields": [],
                    "thumbnail": null,
                    "image": {
                        "url": "https://pbs.twimg.com/media/FJebQ-PXIAMaQR9?format=png&name=small"
                    },
                    "author": null,
                    "footer": null
                },
                "embName": "Bonitinho",
                "embCreator": "Miti mood",
                "last": true
            }
        },
        "29": {
            "embeds": {
                "id": 29,
                "embed": {
                    "title": "Patolino, o Mago",
                    "type": "rich",
                    "description": "💖 Pontos de habilidade: 500\n🪄 Raridade: 99999\n\n❤️ Vida: 100\n⚔️ Força: 10\n🛡️ Defesa: 10\n⚡ Estamina: 50",
                    "url": null,
                    "timestamp": 0,
                    "color": null,
                    "fields": [],
                    "thumbnail": null,
                    "image": {
                        "url": "https://media.discordapp.net/attachments/858199715110977547/933086043039760484/latest.png"
                    },
                    "author": {
                        "name": "Card do Personagem"
                    },
                    "footer": {
                        "text": "Use essa ou outra carta na sua próxima jogada!"
                    }
                },
                "embName": "card personagem",
                "embCreator": "LG",
                "last": true
            }
        },
        "30": {
            "embeds": {
                "id": 30,
                "embed": {
                    "title": null,
                    "type": "rich",
                    "description": "> **CALENDÁRIO DE FEVEREIRO**\n\n**03/02 - karaokê** 🎤 \n\n**05/02 - Among suspects** 🪐\n\n**10/02 - Uma verdade, duas mentiras** 🎀\n\n**12/02 - Adivinhe o filme por emoji** 🎬\n\n**17/02 - Jogo das 3 pistas**🥇\n\n**19/02 - Desafio artístico** 🎨\n\n**24/02 - karaokê temático: músicas autorais.**🎧\n\n__**Todos os eventos ocorrerão às 20h**__",
                    "url": null,
                    "timestamp": 0,
                    "color": 8718087,
                    "fields": [],
                    "thumbnail": {
                        "url": "https://media.discordapp.net/attachments/858199715110977547/936749524955840622/FB_IMG_1643408872121.jpg"
                    },
                    "image": {
                        "url": "https://media.discordapp.net/attachments/858199715110977547/936749688386904105/F054071F-13D3-4AB4-8FC2-B2C6B4D88F5A-1-3-4.gif"
                    },
                    "author": null,
                    "footer": null
                },
                "embName": "Calendário de fevereiro",
                "embCreator": "Tay;",
                "last": true
            }
        },
        "32": {
            "embeds": {
                "id": 32,
                "embed": {
                    "title": null,
                    "type": "rich",
                    "description": "🌈 **TiktoKawaii**🌈\n\n> Chat para vídeos do tiktok e do kawaii.\n\n<:seta_preta:904193177420988449>  Qualquer vídeo que não esteja dentro do tópico do canal ou que não esteja dentro das regras do servidor, será passível de punição.",
                    "url": null,
                    "timestamp": 0,
                    "color": 8718087,
                    "fields": [],
                    "thumbnail": null,
                    "image": null,
                    "author": null,
                    "footer": null
                },
                "embName": "Chat de tiktok e kawaii",
                "embCreator": "Tay;",
                "last": true
            }
        },
        "33": {
            "embeds": {
                "id": 33,
                "embed": {
                    "title": null,
                    "type": "rich",
                    "description": "O cargo Belial será para aquele Vagante que for mais ativo no Limbo, mandando textos, interagindo com os Vagantes e participando do \"Desafio do Limbo\"\nNo final do mês será analisado quem foi o mais ativo e o cargo será adicionado.\nVocê poderá mudar a cor do cargo, mas muito cuidado para não colocar nenhuma cor que ja está sendo usada, poderá ser mudada em hex. \n\nÉ isso, boa sorte a todos <3",
                    "url": null,
                    "timestamp": 0,
                    "color": 26922,
                    "fields": [],
                    "thumbnail": null,
                    "image": {
                        "url": "https://media.discordapp.net/attachments/870925932322508831/907348458678140938/Screenshot_20211108-161845-877.png"
                    },
                    "author": {
                        "name": "EXPLICAÇÃO DO CARGO BELIAL\n⠀⠀⠀⠀⠀"
                    },
                    "footer": null
                },
                "embName": "teste",
                "embCreator": "malka.",
                "last": true
            }
        },
        "34": {
            "embeds": {
                "id": 34,
                "embed": {
                    "title": null,
                    "type": "rich",
                    "description": "O cargo Belial será para aquele Vagante que for mais ativo no Limbo, mandando textos, interagindo com os Vagantes e participando do \"Desafio do Limbo\"\nNo final do mês será analisado quem foi o mais ativo e o cargo será adicionado.\nVocê poderá mudar a cor do cargo, mas muito cuidado para não colocar nenhuma cor que ja está sendo usada, poderá ser mudada em hex. \n\nÉ isso, boa sorte a todos <3\n⠀⠀⠀⠀⠀",
                    "url": null,
                    "timestamp": 0,
                    "color": 26922,
                    "fields": [],
                    "thumbnail": null,
                    "image": {
                        "url": "https://media.discordapp.net/attachments/870925932322508831/907348458678140938/Screenshot_20211108-161845-877.png"
                    },
                    "author": {
                        "name": "EXPLICAÇÃO DO CARGO BELIAL\n⠀⠀⠀⠀⠀"
                    },
                    "footer": null
                },
                "embName": "eoq",
                "embCreator": "malka.",
                "last": true
            }
        },
        "35": {
            "embeds": {
                "id": 35,
                "embed": {
                    "title": "Nitro booster",
                    "type": "rich",
                    "description": "> ‎‎‎‏‏‎ ‎‏‏‎ ‎‏‏‎ ‎‏‏\n> ×  Sala de voz exclusiva na categoria VIP.\n> \n> ×  Cargo Exclusivo e destacado para os que ativarem o Booster no servidor.\n> \n> × Perm para enviar links e imagens no Geral.\n> \n> × Perm de DJ em quase todos os bots de música do servidor.\n> ‎‎‎‎‏‏‎ ‎‏‏‎ ‎‏‏‎ ‎‏‏‎ ‎",
                    "url": null,
                    "timestamp": 0,
                    "color": 16711816,
                    "fields": [],
                    "thumbnail": null,
                    "image": {
                        "url": "https://media.discordapp.net/attachments/750576681281912873/933912035736031302/ezgif-5-3eb1df6f68.gif"
                    },
                    "author": null,
                    "footer": null
                },
                "embName": "Embed nitro",
                "embCreator": "Miti mood",
                "last": true
            }
        },
        "38": {
            "embeds": {
                "id": 38,
                "embed": {
                    "title": null,
                    "type": "rich",
                    "description": "__**REGRAS SERVIDOR KAMAITACHI**__ \n\n **__ATENÇÃO__** \nOs <@&612141794574204928> administram o servidor. Caso tenha alguma denuncia recorra aos cargos <@&612141794574204928> <@&612141782616244244> <@&612134636864274453> <@&624079329982152704> . \n\nLembrando que caso você tenha algum problema aqui dentro, resolva com o adm que te puniu. As punições podem estar sujeitas a modificações de acordo com o grau da infração.\n\n__**NOTIFICAÇÃO**__\nA notificação tem o intuito de ser um aviso verbal antes da advertência, para alertar sobre uma infração.\n\n __**ADVERTÊNCIAS**__ \nNosso sistema de advertência funciona da seguinte forma: \n1º ocorrencia: registro da advertencia, mute de 2 horas. \n2º ocorrencia: registro da advertencia, mute de 12 horas. \n3º ocorrencia: registro da advertência, mute de 48 horas. \n4º ocorrencia: banimento do servidor. \n\n> __**INFRAÇÕES QUE RESULTAM EM ADVERTÊNCIAS:**__ \n1-[Flood/spam.](https://www.kamaitachi.com.br/regras/regra1) \n2- [Divulgação inadequada.](https://www.kamaitachi.com.br/regras/regra2) \n3- [Off topic/mensagem fora de tópico.](https://www.kamaitachi.com.br/regras/regra3) \n4- [Menção desnecessária de membros e cargos.](https://www.kamaitachi.com.br/regras/regra4)\n5- [Provocações brigas.](https://www.kamaitachi.com.br/regras/regra5) \n6- [Poluição sonora.](https://www.kamaitachi.com.br/regras/regra6)\n7- [Atrapalhar o andamento do Karaokê.](https://www.kamaitachi.com.br/regras/regra7) \n8- [Denuncias falsas.](https://www.kamaitachi.com.br/regras/regra8) \n9- [Linguagem discriminatória.](https://www.kamaitachi.com.br/regras/regra9) \n> __INFRAÇÕESES QUE RESULTAM EM BANIMENTO:__ \n1- [Exposição de membros/ Assédio.](https://www.kamaitachi.com.br/regras/regra16) \n2- [Preconceito, discriminanação, difamação e/ou desrespeito.](https://www.kamaitachi.com.br/regras/regra15)\n3- [Planejar ou exercer raids no servidor.](https://www.kamaitachi.com.br/regras/regra14) \n4- [NSFW/ (+18).](https://www.kamaitachi.com.br/regras/regra13) \n5- [Estimular ou praticar atividades ilegais ou que cause banimento de membros.](https://www.kamaitachi.com.br/regras/regra12) \n6- [Evasão de punição.](https://www.kamaitachi.com.br/regras/regra11)\n7- [Conteúdo graficamente chocantes.](https://www.kamaitachi.com.br/regras/regra10) \n•[Quebra do ToS do Discord.](https://discordapp.com/terms) \n\n**Após 4 meses sem nenhuma infração, você pode abrir um ticket em <#750827160985665606> para poder remover 1 de suas advertências.**",
                    "url": null,
                    "timestamp": 0,
                    "color": 8718087,
                    "fields": [],
                    "thumbnail": null,
                    "image": {
                        "url": "https://media.discordapp.net/attachments/858199715110977547/885999348096335943/F054071F-13D3-4AB4-8FC2-B2C6B4D88F5A-3.gif",
                        "proxyURL": "https://images-ext-2.discordapp.net/external/-csWnlaMC_YCQJujeF_Tayf1Lh6drmDa8Xd_H-e2K04/https/media.discordapp.net/attachments/858199715110977547/885999348096335943/F054071F-13D3-4AB4-8FC2-B2C6B4D88F5A-3.gif",
                        "height": 7,
                        "width": 502
                    },
                    "author": null,
                    "footer": null
                },
                "embName": "Regras",
                "embCreator": "Miti mood",
                "last": true
            }
        },
        "41": {
            "embeds": {
                "id": 41,
                "embed": {
                    "title": "Criação de personagens",
                    "type": "rich",
                    "description": "Aqui na forja tem as porcentagens para pegar os personagens e as chances são:\n- 60% de chance para pegar um espadachim\n-25% de chance para pegar um arqueiro\n- 5% de chance para pegar um mago",
                    "url": null,
                    "timestamp": 0,
                    "color": null,
                    "fields": [
                        {
                            "name": "Voce deseja forjar?",
                            "value": "A forja ira custar 10000 kamaicoin, se você não deseja forjar clique no ❌ mas se você deseja clique no<:verde_SIM:618576110296367140>",
                            "inline": true
                        }
                    ],
                    "thumbnail": null,
                    "image": {
                        "url": "https://c.tenor.com/LcBEYCDluZQAAAAC/desafio-sob-fogo-america-latina.gif"
                    },
                    "author": null,
                    "footer": null
                },
                "embName": "3",
                "embCreator": "Crowley",
                "last": true
            }
        },
        "43": {
            "embeds": {
                "id": 43,
                "embed": {
                    "title": "Informações kamaideck",
                    "type": "rich",
                    "description": "Como funciona.\n\nClasses existente e como elas irão afetar no personagem:\nEspadachim: Os \"espadachins\" duelam com espadas e escudos\nArqueiros: Os \"Arqueiros\" se destacam com arcos e lutam a distancia\nMagos: Os \"Magos\" conseguem controlar apenas 2 elementos primordiais\n\n  As classes serão geradas por chances\nessas serrão as chances:\n\n- 60% de chance (espadachim) de 0 a 250 de status\n- 25 de chance (arqueiro) de 250 a 500 de status\n- 5% de chance  (mago) de 500 a 1000 de status",
                    "url": null,
                    "timestamp": 0,
                    "color": null,
                    "fields": [
                        {
                            "name": "&forjar",
                            "value": "O comando \"&forjar\" fará você ir para a forja de cartas.",
                            "inline": false
                        },
                        {
                            "name": "&deck",
                            "value": "O comando \"deck\" fará você ver o deck de alguma pessoa",
                            "inline": false
                        }
                    ],
                    "thumbnail": null,
                    "image": null,
                    "author": null,
                    "footer": null
                },
                "embName": "jaja termino",
                "embCreator": "ace =|",
                "last": true
            }
        },
        "44": {
            "embeds": {
                "id": 44,
                "embed": {
                    "title": "<:branco_gatinho:737015045484970014> __INSTAGRAM PETS__ <:mimindo:860888322816475156>",
                    "type": "rich",
                    "description": "⠀⠀⠀⠀⠀⠀⠀⠀⠀\n*Olá! Você que está lendo isso... Você mesmo!* <:verde_pepe:742578336634503168> \n \n<:owo_serious_cupid:742579530618634362> _Mande foto do seu bichinho de estimação aqui. Pode ser também de algum amigo seu ou da internet._ <:Henlo:764308105856417813>\n\n*__**• Mensagens fora de tópico serão apagadas podendo resultar em advertências.\n• Fotos de qualquer coisa que não seja de um animal será considerado fora de tópico e resultará em advertência.\n• Todas as <#612125693244997645>  do servidor se aplicam aqui.**__*\n⠀⠀⠀⠀⠀⠀⠀⠀⠀",
                    "url": null,
                    "timestamp": null,
                    "color": 4734347,
                    "fields": [],
                    "thumbnail": {
                        "url": "https://media.discordapp.net/attachments/847872797979181166/875432958025150484/animais-fofos-4.jpg",
                        "proxyURL": "https://images-ext-1.discordapp.net/external/VfQlFsqwddb6JYal9QHliiPdz-xUdCb6nVvunR0D4Lk/https/media.discordapp.net/attachments/847872797979181166/875432958025150484/animais-fofos-4.jpg",
                        "height": 603,
                        "width": 620
                    },
                    "image": {
                        "url": "https://media.discordapp.net/attachments/847872797979181166/875432970012467300/fg229586.jpg",
                        "proxyURL": "https://images-ext-2.discordapp.net/external/FPDfbwcAMPzclESJeLg3aaPnFIzX1N0J3pPpvGWbAvE/https/media.discordapp.net/attachments/847872797979181166/875432970012467300/fg229586.jpg",
                        "height": 1653,
                        "width": 2480
                    },
                    "author": null,
                    "footer": null
                },
                "embName": "Embed pets",
                "embCreator": "Miti mood",
                "last": true
            }
        },
        "45": {
            "embeds": {
                "id": 45,
                "embed": {
                    "title": "Como foi seu carnaval?",
                    "type": "rich",
                    "description": "*Conta ai como foi o seu carnaval*, **rolou alguma loucuragem?** *kkkkk*\n*Teve* **fantasia** *inovadora?*\n*Ficou* **em casa** *boiando com a familia?*",
                    "url": null,
                    "timestamp": 0,
                    "color": 16769093,
                    "fields": [
                        {
                            "name": "​",
                            "value": "​",
                            "inline": true
                        }
                    ],
                    "thumbnail": {
                        "url": "https://c.tenor.com/vIUb_quqN-sAAAAM/dance-boyfriend.gif"
                    },
                    "image": {
                        "url": "https://googlediscovery.com/wp-content/uploads/carnaval-2017.gif"
                    },
                    "author": null,
                    "footer": null
                },
                "embName": "carnaval",
                "embCreator": "Miti mood",
                "last": true
            }
        },
        "48": {
            "embeds": {
                "id": 48,
                "embed": {
                    "title": "> **Calendário de março**\n**━━━━━━━ •♬• ━━━━━━━**",
                    "type": "rich",
                    "description": "- **05/03 - Stumble Guys 👑**\n\n\n- **12/03 - ❔ O que é, O que é❔**\n\n\n- **19/03 - Karaokê 🎤 **\n\n\n- **26/03 - Caça ao Objeto 🔎**\n\n\n- **27/03 -** ***Evento especial*** **- entrevista com o produtor da música Tsar 🎉**\n\n\n*Todos os eventos ocorrerão às 20h, exceto o evento especial que acontecerá às 18:30h.*",
                    "url": null,
                    "timestamp": 0,
                    "color": 8718087,
                    "fields": [],
                    "thumbnail": {
                        "url": "https://images-ext-1.discordapp.net/external/bhU9DlRia6Re2Gd0JGpzONEK4HOj-KKZxr9KP7iRFes/https/media.discordapp.net/attachments/858199715110977547/936749524955840622/FB_IMG_1643408872121.jpg?width=240&height=240"
                    },
                    "image": {
                        "url": "https://images-ext-1.discordapp.net/external/s2kG-IRy_DrOIqMrAp0RJFMCRso_o2Ek01pIT3F3ddY/https/media.discordapp.net/attachments/858199715110977547/936749688386904105/F054071F-13D3-4AB4-8FC2-B2C6B4D88F5A-1-3-4.gif?width=402&height=6"
                    },
                    "author": null,
                    "footer": null
                },
                "embName": "calendário março",
                "embCreator": "Darwin 月光",
                "last": true
            }
        },
        "51": {
            "embeds": {
                "id": 51,
                "embed": {
                    "title": null,
                    "type": "rich",
                    "description": "Olá <@&730168657967186051> \n\nO desafio de hoje consistirá em algo muito comum nos dias atuais.\n\n• O desafio do mês será:  Ilusões\n\n• O principal objetivo é estimular a criatividade de vocês. Vocês podem escrever sobre Ilusões que vocês acabaram causando, podem também dizer sobre alguém que causou uma ilusão em você ou até mesmo a ilusão que tiveram sobre alguma coisa... O mais importante é se divertir!\n\n- Não é permitido plágio\n- Quando terminar seu poema, marcar <@&730169453421264906> \n- Se tiver cunho sexual marque como spoiler.\n- As regras estão no fixado.\n\n• Aponte seu lápis, estale seus dedinhos e escreva, acima de tudo divirta-se.\n\nEntregar até o dia 01/04\n⠀⠀⠀⠀⠀",
                    "url": null,
                    "timestamp": 0,
                    "color": 26922,
                    "fields": [],
                    "thumbnail": null,
                    "image": {
                        "url": "https://media.discordapp.net/attachments/870925932322508831/907348458678140938/Screenshot_20211108-161845-877.png"
                    },
                    "author": {
                        "name": "1-\n DESAFIO DO LIMBO \n⠀⠀⠀⠀⠀"
                    },
                    "footer": {
                        "text": "https://media.discordapp.net/attachments/870925932322508831/907348458678140938/Screenshot_20211108-161845-877.png"
                    }
                },
                "embName": "Desafio do limbo: Março",
                "embCreator": "malka.",
                "last": true
            }
        },
        "52": {
            "embeds": {
                "id": 52,
                "embed": {
                    "title": null,
                    "type": "rich",
                    "description": "Olá <@&730168657967186051> \n\nO desafio de hoje consistirá em algo muito comum nos dias atuais.\n\n• O desafio do mês será:  Ilusões\n\n• O principal objetivo é estimular a criatividade de vocês. Vocês podem escrever sobre Ilusões que vocês acabaram causando, podem também dizer sobre alguém que causou uma ilusão em você ou até mesmo a ilusão que tiveram sobre alguma coisa... O mais importante é se divertir!\n\n- Não é permitido plágio\n- Quando terminar seu poema, marcar <@&730169453421264906> \n- Se tiver cunho sexual marque como spoiler.\n- As regras estão no fixado.\n\n• Aponte seu lápis, estale seus dedinhos e escreva, acima de tudo divirta-se.\n\nEntregar até o dia 01/04\n⠀⠀⠀⠀⠀",
                    "url": null,
                    "timestamp": 0,
                    "color": 26922,
                    "fields": [],
                    "thumbnail": null,
                    "image": {
                        "url": "https://media.discordapp.net/attachments/870925932322508831/907348458678140938/Screenshot_20211108-161845-877.png"
                    },
                    "author": {
                        "name": "DESAFIO DO LIMBO \n⠀⠀⠀⠀⠀"
                    },
                    "footer": {
                        "text": "https://media.discordapp.net/attachments/870925932322508831/907348458678140938/Screenshot_20211108-161845-877.png"
                    }
                },
                "embName": "desafio do limbo: março",
                "embCreator": "malka.",
                "last": true
            }
        },
        "last": {
            "id": 52,
            "embed": {
                "title": null,
                "type": "rich",
                "description": "Olá <@&730168657967186051> \n\nO desafio de hoje consistirá em algo muito comum nos dias atuais.\n\n• O desafio do mês será:  Ilusões\n\n• O principal objetivo é estimular a criatividade de vocês. Vocês podem escrever sobre Ilusões que vocês acabaram causando, podem também dizer sobre alguém que causou uma ilusão em você ou até mesmo a ilusão que tiveram sobre alguma coisa... O mais importante é se divertir!\n\n- Não é permitido plágio\n- Quando terminar seu poema, marcar <@&730169453421264906> \n- Se tiver cunho sexual marque como spoiler.\n- As regras estão no fixado.\n\n• Aponte seu lápis, estale seus dedinhos e escreva, acima de tudo divirta-se.\n\nEntregar até o dia 01/04\n⠀⠀⠀⠀⠀",
                "url": null,
                "timestamp": 0,
                "color": 26922,
                "fields": [],
                "thumbnail": null,
                "image": {
                    "url": "https://media.discordapp.net/attachments/870925932322508831/907348458678140938/Screenshot_20211108-161845-877.png"
                },
                "author": {
                    "name": "DESAFIO DO LIMBO \n⠀⠀⠀⠀⠀"
                },
                "footer": {
                    "text": "https://media.discordapp.net/attachments/870925932322508831/907348458678140938/Screenshot_20211108-161845-877.png"
                }
            },
            "embName": "desafio do limbo: março",
            "embCreator": "malka.",
            "last": true
        }
    }
}